Timestamp (us),W,X,Y,Z
336374146,0.384079,0.012527,0.000255,-0.923347
336394189,0.384088,0.012520,0.000282,-0.923343
336414231,0.384191,0.012491,0.000263,-0.923301
336434273,0.384288,0.012494,0.000280,-0.923261
336454315,0.384352,0.012481,0.000277,-0.923234
336474357,0.384336,0.012499,0.000286,-0.923240
336494400,0.384330,0.012522,0.000284,-0.923243
336514442,0.384410,0.012541,0.000288,-0.923209
336534484,0.384517,0.012534,0.000299,-0.923165
336554526,0.384566,0.012518,0.000301,-0.923144
336574569,0.384569,0.012484,0.000322,-0.923143
336594611,0.384556,0.012474,0.000320,-0.923149
336614653,0.384550,0.012448,0.000312,-0.923152
336634696,0.384548,0.012457,0.000286,-0.923152
336654738,0.384450,0.012462,0.000272,-0.923193
336674780,0.384243,0.012481,0.000255,-0.923279
336694822,0.384032,0.012492,0.000240,-0.923367
336714865,0.383937,0.012492,0.000218,-0.923406
336734907,0.383846,0.012471,0.000211,-0.923445
336754949,0.383796,0.012451,0.000219,-0.923466
336774991,0.383795,0.012438,0.000241,-0.923466
336795034,0.383789,0.012448,0.000242,-0.923469
336815076,0.384087,0.012431,0.000259,-0.923345
336835118,0.384369,0.012435,0.000254,-0.923227
336855160,0.384468,0.012427,0.000253,-0.923186
336875203,0.384436,0.012428,0.000258,-0.923200
336895245,0.384429,0.012411,0.000249,-0.923203
336915287,0.384326,0.012417,0.000248,-0.923246
336935329,0.384215,0.012417,0.000235,-0.923292
336955372,0.384169,0.012415,0.000232,-0.923311
336975414,0.384185,0.012410,0.000214,-0.923304
336995456,0.384190,0.012429,0.000214,-0.923302
337015498,0.384163,0.012416,0.000233,-0.923313
337035541,0.384183,0.012425,0.000226,-0.923305
337055583,0.384185,0.012428,0.000217,-0.923304
337075625,0.384183,0.012455,0.000230,-0.923305
337095668,0.384176,0.012457,0.000227,-0.923307
337115710,0.384072,0.012464,0.000234,-0.923351
337135752,0.383960,0.012484,0.000249,-0.923397
337155794,0.383855,0.012494,0.000235,-0.923440
337175836,0.383758,0.012503,0.000240,-0.923481
337195879,0.383645,0.012487,0.000270,-0.923528
337215921,0.383534,0.012492,0.000271,-0.923574
337235963,0.383427,0.012485,0.000287,-0.923619
337256005,0.383515,0.012477,0.000308,-0.923582
337276047,0.383716,0.012461,0.000307,-0.923499
337296090,0.383889,0.012468,0.000341,-0.923427
337316132,0.383796,0.012488,0.000326,-0.923465
337336174,0.383685,0.012509,0.000305,-0.923511
337356216,0.383724,0.012531,0.000307,-0.923494
337376259,0.383819,0.012522,0.000292,-0.923455
337396301,0.383896,0.012530,0.000285,-0.923423
337416343,0.383900,0.012525,0.000253,-0.923421
337436386,0.383902,0.012491,0.000259,-0.923421
337456428,0.383971,0.012472,0.000275,-0.923392
337476470,0.384069,0.012470,0.000268,-0.923352
337496512,0.384142,0.012490,0.000268,-0.923321
337516554,0.384045,0.012487,0.000269,-0.923362
337536609,0.383947,0.012471,0.000264,-0.923403
337556639,0.383766,0.012478,0.000277,-0.923478
337576681,0.383564,0.012478,0.000273,-0.923562
337596724,0.383428,0.012476,0.000256,-0.923618
337616766,0.383432,0.012480,0.000244,-0.923616
337636808,0.383425,0.012505,0.000249,-0.923619
337656850,0.383356,0.012504,0.000259,-0.923647
337676893,0.383270,0.012505,0.000260,-0.923683
337696935,0.383191,0.012523,0.000267,-0.923716
337716977,0.383193,0.012521,0.000290,-0.923715
337737019,0.383206,0.012520,0.000288,-0.923709
337757061,0.383129,0.012517,0.000284,-0.923742
337777104,0.383036,0.012495,0.000292,-0.923781
337797146,0.382879,0.012512,0.000288,-0.923845
337817189,0.382589,0.012504,0.000298,-0.923966
337837231,0.382311,0.012502,0.000289,-0.924081
337857273,0.382256,0.012524,0.000272,-0.924103
337877315,0.382284,0.012522,0.000254,-0.924092
337897357,0.382297,0.012505,0.000274,-0.924086
337917400,0.382312,0.012519,0.000274,-0.924080
337937442,0.382344,0.012504,0.000251,-0.924067
337957484,0.382437,0.012497,0.000235,-0.924028
337977526,0.382545,0.012488,0.000228,-0.923984
337997568,0.382637,0.012484,0.000247,-0.923946
338017611,0.382648,0.012468,0.000245,-0.923942
338037653,0.382668,0.012476,0.000266,-0.923933
338057695,0.382679,0.012482,0.000263,-0.923929
338077738,0.382682,0.012499,0.000264,-0.923927
338097780,0.382685,0.012505,0.000251,-0.923926
338117822,0.382713,0.012511,0.000235,-0.923914
338137864,0.382734,0.012495,0.000249,-0.923906
338157907,0.382746,0.012485,0.000247,-0.923901
338177949,0.382746,0.012495,0.000267,-0.923901
338197991,0.382724,0.012487,0.000243,-0.923910
338218033,0.382647,0.012462,0.000237,-0.923942
338238076,0.382566,0.012449,0.000255,-0.923976
338258118,0.382633,0.012440,0.000255,-0.923948
338278160,0.382743,0.012442,0.000253,-0.923903
338298203,0.382804,0.012448,0.000245,-0.923877
338318245,0.382711,0.012459,0.000266,-0.923915
338338287,0.382624,0.012469,0.000263,-0.923952
338358329,0.382712,0.012476,0.000270,-0.923915
338378372,0.382816,0.012470,0.000282,-0.923872
338398414,0.382853,0.012489,0.000293,-0.923856
338418456,0.382757,0.012494,0.000289,-0.923896
338438498,0.382672,0.012510,0.000311,-0.923931
338458541,0.382603,0.012491,0.000308,-0.923960
338478583,0.382532,0.012496,0.000310,-0.923990
338498625,0.382406,0.012503,0.000290,-0.924042
338518667,0.382210,0.012506,0.000288,-0.924122
338538710,0.382014,0.012512,0.000284,-0.924204
338558752,0.381920,0.012513,0.000277,-0.924242
338578794,0.381841,0.012503,0.000265,-0.924275
338598837,0.381722,0.012511,0.000272,-0.924324
338618879,0.381576,0.012499,0.000263,-0.924384
338638921,0.381417,0.012483,0.000243,-0.924450
338658963,0.381338,0.012478,0.000246,-0.924483
338679005,0.381261,0.012470,0.000234,-0.924515
338699048,0.381223,0.012470,0.000237,-0.924531
338719090,0.381238,0.012490,0.000227,-0.924524
338739132,0.381271,0.012497,0.000244,-0.924510
338759174,0.381378,0.012494,0.000259,-0.924466
338779217,0.381507,0.012494,0.000267,-0.924413
338799259,0.381590,0.012496,0.000266,-0.924379
338819301,0.381626,0.012506,0.000254,-0.924364
338839344,0.381658,0.012504,0.000251,-0.924351
338859386,0.381682,0.012493,0.000241,-0.924341
338879428,0.381711,0.012496,0.000237,-0.924329
338899470,0.381765,0.012492,0.000223,-0.924307
338919513,0.381883,0.012509,0.000209,-0.924258
338939555,0.382005,0.012498,0.000227,-0.924207
338959597,0.381930,0.012497,0.000218,-0.924238
338979639,0.381858,0.012498,0.000213,-0.924268
338999681,0.381887,0.012490,0.000234,-0.924256
339019724,0.382095,0.012490,0.000258,-0.924170
339039766,0.382323,0.012487,0.000246,-0.924076
339059808,0.382471,0.012490,0.000251,-0.924015
339079851,0.382576,0.012486,0.000271,-0.923971
339099893,0.382596,0.012489,0.000283,-0.923963
339119935,0.382498,0.012492,0.000278,-0.924004
339139977,0.382404,0.012483,0.000278,-0.924042
339160020,0.382429,0.012467,0.000261,-0.924032
339180062,0.382425,0.012499,0.000263,-0.924034
339200104,0.382394,0.012500,0.000240,-0.924047
339220146,0.382317,0.012503,0.000251,-0.924078
339240189,0.382243,0.012510,0.000235,-0.924109
339260231,0.382271,0.012509,0.000214,-0.924097
339280273,0.382291,0.012488,0.000203,-0.924089
339300315,0.382377,0.012484,0.000212,-0.924054
339320358,0.382495,0.012474,0.000215,-0.924005
339340400,0.382621,0.012486,0.000203,-0.923953
